bic,model,dof
-40.63269525658336,pre,1.0
-4.219673814107026,pred_U,10.0
-32.14458928930382,pred_I,1.0
-53.750050301114854,mean80,1.0
