qn,h_a,h_b,h_c,h_d,h_ab,h_ac,h_ad,h_bc,h_bd,h_cd,qubits
Q10,0.07172524614026074,1.2666782004885209,0.0,0.0,-0.11988600011146575,0.0,0.0,0.0,0.0,0.0,"[0, 2]"
Q12,0.0,0.0,0.0,0.03052154068897835,0.0,0.0,-0.006190067189231804,-0.1439797996257127,0.0,-0.05809224962683933,"[0, 3]"
Q16,0.9364409740095752,0.022228207884090044,0.02099320819947954,1.422563928908334,-0.039371139110828526,-0.006246744660395371,0.0,0.0,0.0,-0.02808586860915736,"[1, 2]"
Q18,8.195466817157367,0.030357197776994436,0.0,0.0,-0.05971328516897447,0.7539907987728662,0.0,0.0,0.0826009056237397,0.0,"[1, 3]"
