qn,h_a,h_b,h_c,h_d,h_ab,h_ac,h_ad,h_bc,h_bd,h_cd
Q10,0.07591341795791712,2.7514126043037823,0.0,2.4097538185620726,-0.13692240760108362,-0.012271425805603937,0.0,0.0,7.513306643250043,0.0
Q12,0.0,0.0,1.4010910159698793,0.022796696823220088,0.0,0.0,-0.0050567516019353175,0.0,0.0,-0.04100127393676013
Q16,0.9785208264362915,0.02451085456139078,0.0,0.0,-0.03755399386111139,0.0,0.0,0.0,-0.007476828839609345,-0.020246582584445744
Q18,3.829141505503953,0.0,0.0,0.0,-0.11074913496759568,0.0,-0.15107151227747836,0.02787481840860535,0.055970920492322926,0.0
