qn,h_a,h_b,h_c,h_d,h_ab,h_ac,h_ad,h_bc,h_bd,h_cd,qubits
Q10,0.071725246,1.2666782,0,0,-0.119886,0,0,0,0,0,"[0, 2]"
Q12,0,0,0,0.030521541,0,0,-0.006190067,-0.1439798,0,-0.05809225,"[0, 3]"
Q16,0.936440974,0.022228208,0.020993208,1.422563929,-0.039371139,-0.006246745,0,0,0,-0.028085869,"[1, 2]"
Q18,8.195466817,0.030357198,0,0,-0.059713285,0.753990799,0,0,0.082600906,0,"[1, 3]"
